Security	Date	Price_alabaster	Price_bernstein	Price_comwealth	Quantity_alabaster	Quantity_bernstein	Quantity_comwealth	Beta_alabaster	Beta_bernstein	Beta_comwealth
AAN Equity	2016-01-01	30.05	30.05	30.05	19308.0	35658.0	16484.0	1.3	0.54	0.96
AAP Equity	2016-01-01	164.05		164.05	162.0		225.0	0.88		1.42
ABG Equity	2016-01-01	65.65	70.25	65.65	5520.0	8300.0	6128.0	1.87	1.05	1.1
ABM Equity	2016-01-01	40.56		40.56	660.0		602.0	1.52		1.37
ACCO Equity	2016-01-01	13.05	13.05	13.05	1896.0	6078.0	3344.0	1.29	1.05	1.2
ACN Equity	2016-01-01	117.6		117.6	4281.0		30204.0	0.97		1.24
ADM Equity	2016-01-01	43.83		43.83	4368.0		2161.0	1.26		1.37
AEGN Equity	2016-01-01	22.97			32742.0			1.56		
AEL Equity	2016-01-01	26.1		26.1	4806.0		1047.0	1.2		0.68
AEO Equity	2016-01-01	15.7	17.9	15.7	1239.0	37481.0	547.0	1.96	1.48	0.82
AEP Equity	2016-01-01	63.95		63.95	159.0		21547.0	1.38		1.29
AFG Equity	2016-01-01	91.55			294.0			0.96		
AGCO Equity	2016-01-01	64.74		64.74	37200.0		3694.0	0.87		1.15
AGII Equity	2016-01-01	65.2		65.2	225225.0		45827.0	1.43		0.81
AGO Equity	2016-01-01	40.79	40.79	40.79	285.0	7848.0	302.0	1.62	1.8	1.32
AGR Equity	2016-01-01	40.41		40.41	3102.0		127403.0	1.12		0.56
AGX Equity	2016-01-01	74.5	80.46	74.5	55785.0	55946.0	3125.0	1.65	0.85	1.33
AIG Equity	2016-01-01	65.61		65.61	414.0		114.0	1.45		1.42
AIN Equity	2016-01-01		55.63			102017.0			0.54	
AIT Equity	2016-01-01		61.85			262.0			1.6	
AIZ Equity	2016-01-01	92.93	97.58	92.93	146895.0	77602.0	2115.0	1.22	0.79	1.33
AJRD Equity	2016-01-01	19.21			34887.0			1.42		
AKRX Equity	2016-01-01	20.49	24.18	20.49	303.0	2688.0	100.0	1.86	0.65	0.93
ALGT Equity	2016-01-01	171.3	171.3	171.3	2211.0	226244.0	213.0	0.91	0.96	0.81
ALK Equity	2016-01-01	97.35		97.35	318.0		621.0	1.18		0.67
ALL Equity	2016-01-01	78.88		78.88	786.0		275.0	1.9		0.8
ALV Equity	2016-01-01	105.62		105.62	783.0		189869.0	0.68		0.5
AMAG Equity	2016-01-01	23.25			3705.0			1.91		
AMCX Equity	2016-01-01	55.2	55.2	55.2	12564.0	100.0	910.0	0.53	1.4	1.43
AMKR Equity	2016-01-01		9.97			48488.0			0.89	
AMN Equity	2016-01-01	37.7		37.7	25020.0		8432.0	0.64		1.43
AMSF Equity	2016-01-01	64.5	72.89	64.5	2754.0	200.0	9079.0	1.01	0.53	0.88
AMWD Equity	2016-01-01	77.4	79.72	77.4	1167.0	4600.0	19884.0	0.6	1.39	0.62
ANAT Equity	2016-01-01	119.38		119.38	228.0		1000.0	1.87		1.25
ANF Equity	2016-01-01	12.55	14.18	12.55	588.0	19917.0	965.0	1.28	1.27	0.52
ANIK Equity	2016-01-01	51.39	51.39	51.39	129.0	23991.0	920.0	1.64	0.86	0.94
ANTM Equity	2016-01-01	162.32		162.32	741.0		303.0	0.66		1.07
AOBC Equity	2016-01-01	20.07	20.07	20.07	813.0	4500.0	655.0	1.7	1.85	0.74
APAM Equity	2016-01-01	30.2	30.2	30.2	1977.0	1800.0	1921.0	2.0	0.82	1.02
APOG Equity	2016-01-01	58.41	58.41	58.41	72.0	11867.0	219.0	0.55	0.67	1.14
APOL Equity	2016-01-01	9.995	10.0	9.995	3936.0	4687.0	2892.0	1.39	0.92	0.87
ARII Equity	2016-01-01	45.86	45.86		9483.0	12145.0		0.79	1.26	
AROC Equity	2016-01-01	15.7	15.7	15.7	14076.0	21366.0	10843.0	0.87	1.65	0.72
ASH Equity	2016-01-01	118.68		118.68	4608.0		7519.0	1.63		1.03
ASNA Equity	2016-01-01	5.23	5.81	5.23	111.0	8452.0	67644.0	1.23	1.36	1.21
ASPS Equity	2016-01-01	29.24	33.63	29.24	78351.0	83317.0	8379.0	0.53	0.54	0.77
ASTE Equity	2016-01-01	72.24		72.24	2196.0		1955.0	0.53		1.33
ATNI Equity	2016-01-01		83.3			4600.0			1.11	
ATO Equity	2016-01-01	75.45		75.45	1722.0		10299.0	0.98		1.22
ATR Equity	2016-01-01	74.79		74.79	9579.0		130.0	1.75		1.28
ATRO Equity	2016-01-01	33.68			66.0			0.99		
ATSG Equity	2016-01-01	16.41	19.36		17388.0	670.0		1.54	1.63	
ATU Equity	2016-01-01	27.15		27.15	228.0		19907.0	1.58		0.88
AVA Equity	2016-01-01	39.32		39.32	1371.0		225.0	1.6		1.07
AVP Equity	2016-01-01	5.78	6.24	5.78	6852.0	9700.0	232.0	1.91	1.62	0.95
AVX Equity	2016-01-01	16.17		16.17	6525.0		1095.0	0.81		1.46
AVY Equity	2016-01-01	79.27	81.65	79.27	10500.0	9240.0	9382.0	0.62	1.77	1.3
AWH Equity	2016-01-01	53.37		53.37	366.0		8922.0	1.38		0.62
AXE Equity	2016-01-01	84.95		84.95	8406.0		535.0	1.57		1.23
AXL Equity	2016-01-01	20.49	21.31	20.49	38400.0	781.0	7052.0	1.19	1.46	1.09
AZO Equity	2016-01-01	740.65		740.65	10056.0		217.0	0.89		1.43
AZZ Equity	2016-01-01	58.35			1401.0			1.48		
B Equity	2016-01-01	48.58		48.58	522.0		4389.0	0.62		0.93
BAH Equity	2016-01-01	34.1		34.1	636.0		389.0	1.16		0.96
BAP Equity	2016-01-01		192.76			6800.0			1.39	
BAX Equity	2016-01-01	49.0		49.0	1500.0		441.0	1.16		1.49
BBBY Equity	2016-01-01	40.25	42.67	40.25	6600.0	5800.0	2900.0	0.85	0.9	1.24
BBSI Equity	2016-01-01	62.82	62.82	62.82	1032.0	20800.0	9500.0	1.77	1.65	0.66
BBY Equity	2016-01-01	44.68	44.68	44.68	1194.0	811.0	716.0	1.25	0.71	0.63
BCC Equity	2016-01-01	26.25	26.25	26.25	27930.0	14652.0	1285.0	1.05	1.45	0.68
BCO Equity	2016-01-01	52.45	52.45	52.45	6270.0	45100.0	9468.0	0.95	0.95	1.33
BEAT Equity	2016-01-01	23.8	28.08	23.8	2538.0	16218.0	1617.0	0.73	0.54	1.23
BEN Equity	2016-01-01	40.88		40.88	29667.0		2767.0	0.67		0.78
BG Equity	2016-01-01	68.55		68.55	11202.0		20136.0	1.89		0.99
BGC Equity	2016-01-01	16.8		16.8	99312.0		10369.0	1.84		1.11
BGCP Equity	2016-01-01	11.3	11.3	11.3	1032.0	900.0	1250.0	0.54	0.85	0.51
BGG Equity	2016-01-01	21.64	22.29	21.64	7587.0	2600.0	804.0	1.44	1.95	1.39
BHE Equity	2016-01-01	32.0	37.12	32.0	459.0	11200.0	114425.0	1.86	0.65	1.49
BIG Equity	2016-01-01	53.14	62.17	53.14	36159.0	144.0	809.0	0.92	1.07	0.9
BJRI Equity	2016-01-01	37.4	38.9	37.4	1983.0	19693.0	2911.0	0.58	1.27	1.39
BK Equity	2016-01-01	45.56		45.56	6372.0		298.0	0.94		1.04
BKE Equity	2016-01-01	21.55	25.21	21.55	4518.0	41392.0	313.0	1.36	0.96	0.84
BKH Equity	2016-01-01	61.55		61.55	4500.0		30479.0	1.8		0.56
BKS Equity	2016-01-01	10.85	11.72	10.85	2682.0	7861.0	1804.0	1.45	0.69	0.64
BLMN Equity	2016-01-01	18.26	18.26	18.26	6705.0	130302.0	4785.0	1.54	1.94	0.73
BMS Equity	2016-01-01	48.58		48.58	3114.0		104699.0	1.09		0.52
BOBE Equity	2016-01-01	58.43	58.43	58.43	4251.0	11642.0	6754.0	0.79	1.46	0.93
BR Equity	2016-01-01	67.32		67.32	1200.0		2314.0	0.54		1.37
BRC Equity	2016-01-01	37.9	44.34		44523.0	33015.0		1.64	0.64	
BURL Equity	2016-01-01	86.61		86.61	2976.0		1279.0	0.62		1.33
BWLD Equity	2016-01-01	159.55	181.89	159.55	531.0	6075.0	3999.0	0.83	0.52	1.34
CA Equity	2016-01-01	31.77	31.77	31.77	2274.0	5544.0	24400.0	0.96	1.95	0.83
CACC Equity	2016-01-01	200.05		200.05	321.0		2759.0	1.83		1.3
CACI Equity	2016-01-01	126.45		126.45	432.0		1104.0	0.57		1.19
CAKE Equity	2016-01-01	62.55	62.55	62.55	159.0	8134.0	295.0	0.73	1.93	1.16
CAL Equity	2016-01-01	31.54	37.53	31.54	10029.0	472.0	200.0	0.73	0.8	0.7
CALM Equity	2016-01-01	39.4	39.4	39.4	966.0	3600.0	6633.0	1.97	1.23	1.3
CASY Equity	2016-01-01	120.34	120.34	120.34	164157.0	3824.0	1079.0	1.63	0.93	0.5
CATM Equity	2016-01-01	45.49	45.49	45.49	18456.0	25200.0	123200.0	1.3	0.94	0.8
CBM Equity	2016-01-01	52.5		52.5	2355.0		8399.0	1.34		0.72
CBOE Equity	2016-01-01	77.67		77.67	4740.0		4229.0	1.12		1.19
CBPX Equity	2016-01-01	23.45	26.03	23.45	2220.0	46141.0	2233.0	0.65	1.9	0.91
CBRL Equity	2016-01-01	164.3	164.3	164.3	384.0	4683.0	365.0	0.91	1.09	1.06
CBT Equity	2016-01-01	57.55	69.06	60.55	21978.0	1500.0	21597.0	1.58	0.99	0.86
CC Equity	2016-01-01	28.13		28.13	4116.0		1972.0	1.39		1.16
CCC Equity	2016-01-01		17.27			1391.0			1.53	
CCP Equity	2016-01-01	25.14			474.0			1.52		
CDW Equity	2016-01-01	58.71		58.71	639.0		486.0	1.78		0.6
CENT Equity	2016-01-01	33.36	38.03	33.36	2421.0	10037.0	3964.0	0.76	1.47	1.48
CHE Equity	2016-01-01	169.41	203.29	169.41	372.0	5500.0	3281.0	1.67	1.29	0.96
CHMT Equity	2016-01-01	33.1	33.1	33.1	435.0	147500.0	1577.0	0.61	1.63	1.38
CHS Equity	2016-01-01	14.25	14.25	14.25	3561.0	15706.0	1668.0	0.66	0.75	1.35
CI Equity	2016-01-01	145.55		145.55	1845.0		52200.0	0.98		1.35
CINF Equity	2016-01-01	71.06		71.06	34800.0		1412.0	0.7		1.35
CIR Equity	2016-01-01	64.81		64.81	7290.0		768.0	1.66		0.82
CKH Equity	2016-01-01	73.51		73.51	843.0		938.0	1.07		1.42
CLD Equity	2016-01-01	5.6	6.38	5.6	867.0	8878.0	15600.0	1.39	0.94	0.87
CLH Equity	2016-01-01	54.87		54.87	15900.0		965.0	1.25		0.53
CLW Equity	2016-01-01	60.7	68.59	60.7	33324.0	14900.0	19882.0	0.51	1.96	1.25
CMC Equity	2016-01-01		22.11	22.11		1000.0	2829.0		0.82	0.7
CMP Equity	2016-01-01	79.95		79.95	2880.0		11288.0	1.28		0.68
CNDT Equity	2016-01-01	14.56		14.56	23625.0		3975.0	1.07		1.04
CNK Equity	2016-01-01	42.03			10614.0			0.74		
CNMD Equity	2016-01-01	43.66		43.66	6774.0		603.0	0.94		0.89
CNSL Equity	2016-01-01		25.8	25.8		1681.0	8280.0		1.18	1.5
COH Equity	2016-01-01	38.07	41.12	38.07	528.0	16700.0	902.0	1.97	1.73	0.59
COHR Equity	2016-01-01	197.19		197.19	300.0		5355.0	0.61		0.76
COKE Equity	2016-01-01	177.0	177.0	177.0	46935.0	809.0	1900.0	1.23	0.8	1.33
COL Equity	2016-01-01	91.17		91.17	5715.0		330.0	0.94		1.14
COLB Equity	2016-01-01	39.25		39.25	1005.0		3174.0	1.51		1.48
COLM Equity	2016-01-01	59.83		59.83	504.0		6799.0	1.16		0.95
COMM Equity	2016-01-01	38.44		38.44	2700.0		1751.0	1.91		0.79
COP Equity	2016-01-01	50.14		50.14	522.0		13895.0	1.15		1.31
CORE Equity	2016-01-01	33.14		33.14	3393.0		6691.0	1.56		1.05
CPLA Equity	2016-01-01	82.85	99.42	82.85	3504.0	2600.0	962.0	1.71	1.37	1.45
CPRT Equity	2016-01-01	58.17		58.17	2655.0		1548.0	1.56		1.21
CPS Equity	2016-01-01	106.42	123.45	106.42	15282.0	700.0	11700.0	1.05	1.61	1.4
CR Equity	2016-01-01		73.65			59100.0			1.09	
CRI Equity	2016-01-01	83.03	95.48	83.03	3309.0	6108.0	4240.0	1.32	1.32	0.76
CRUS Equity	2016-01-01	54.19		54.19	6300.0		18551.0	1.3		1.32
CSAL Equity	2016-01-01	26.58		26.58	3900.0		3776.0	0.61		0.84
CSC Equity	2016-01-01	70.82		70.82	894.0		1934.0	0.52		0.84
CSCO Equity	2016-01-01	31.51		31.51	8400.0		173.0	1.01		0.52
CSGS Equity	2016-01-01	39.33	39.33	39.33	5040.0	13800.0	2700.0	0.93	0.8	1.11
CSRA Equity	2016-01-01	31.02		31.02	29175.0		269.0	1.96		1.08
CST Equity	2016-01-01	48.22		48.22	3981.0		6591.0	1.55		1.23
CSTE Equity	2016-01-01	34.1	36.49	34.1	1905.0	19243.0	3600.0	0.94	0.81	0.97
CSTM Equity	2016-01-01	7.55			327.0			1.78		
CTAS Equity	2016-01-01	116.72		116.72	3768.0		10641.0	1.34		0.6
CTB Equity	2016-01-01	35.9	37.34	35.9	1500.0	5296.0	14223.0	0.72	1.25	1.16
CTL Equity	2016-01-01	24.49		24.49	471.0		579.0	1.22		1.46
CUB Equity	2016-01-01	51.5		51.5	10923.0		800.0	0.83		1.21
CVG Equity	2016-01-01	24.96	26.96	24.96	13242.0	30632.0	510.0	0.65	1.08	0.65
CVS Equity	2016-01-01	78.53		78.53	9462.0		1060.0	0.93		1.12
CVX Equity	2016-01-01	113.05		113.05	963.0		6906.0	0.67		0.8
CW Equity	2016-01-01	99.73		99.73	864.0		24786.0	0.77		1.39
CWT Equity	2016-01-01	34.65		34.65	444.0		308.0	1.34		0.52
CXW Equity	2016-01-01		30.79			11200.0			1.77	
CZR Equity	2016-01-01	8.65	9.95	8.65	762.0	2726.0	5662.0	1.38	0.54	0.82
CZZ Equity	2016-01-01	8.76	8.76	8.76	4458.0	500.0	5285.0	0.89	1.29	1.01
DAN Equity	2016-01-01	19.58	23.1	19.58	9246.0	6100.0	1624.0	1.3	0.53	0.95
DBD Equity	2016-01-01	27.4		27.4	34110.0		235.0	1.04		0.5
DCI Equity	2016-01-01	42.13		42.13	588.0		144.0	0.84		0.71
DDS Equity	2016-01-01	58.79	58.79	58.79	4971.0	63193.0	403.0	1.85	1.5	0.95
DECK Equity	2016-01-01	52.1	53.66	52.1	11037.0	8800.0	148.0	0.69	0.66	1.31
DENN Equity	2016-01-01	12.51		12.51	3525.0		560.0	1.67		1.12
DEPO Equity	2016-01-01	16.59			408.0			1.12		
DF Equity	2016-01-01	20.7	20.7	20.7	204.0	9412.0	21781.0	0.95	1.14	0.78
DFS Equity	2016-01-01	68.82		68.82	438.0		9504.0	0.71		0.91
DG Equity	2016-01-01	76.79	87.54	76.79	513.0	2900.0	344.0	0.63	1.33	1.04
DGI Equity	2016-01-01	29.0	29.87	29.0	195.0	2850.0	333.0	1.42	1.77	1.28
DHT Equity	2016-01-01	4.92	4.92	4.92	1626.0	1600.0	55.0	0.77	1.67	1.07
DIN Equity	2016-01-01	66.81	76.16	70.81	759.0	1300.0	791.0	1.36	0.89	1.41
DIOD Equity	2016-01-01	24.42		24.42	37707.0		10467.0	1.4		0.76
DISCA Equity	2016-01-01	28.48		28.48	4161.0		2603.0	0.73		0.5
DKS Equity	2016-01-01	52.7	55.34	52.7	489.0	21079.0	441.0	1.01	1.02	1.06
DLB Equity	2016-01-01	48.78		48.78	987.0		477.0	1.54		0.67
DLPH Equity	2016-01-01	74.32			513.0			0.99		
DLX Equity	2016-01-01	74.5	84.19	74.5	258.0	16730.0	600.0	0.66	1.34	0.68
DNB Equity	2016-01-01	100.75			729.0			1.83		
DO Equity	2016-01-01	17.38		17.38	47400.0		782.0	0.83		0.9
DOX Equity	2016-01-01	59.9		59.9	2265.0		694.0	0.66		0.82
DPLO Equity	2016-01-01		17.08	14.6		8800.0	13319.0		1.35	0.73
DPS Equity	2016-01-01	93.56		93.56	672.0		200.0	0.74		0.65
DRI Equity	2016-01-01	76.28	83.91	76.28	1800.0	4000.0	4900.0	1.25	1.27	0.78
DST Equity	2016-01-01	116.91		116.91	2700.0		36597.0	0.89		1.09
DSW Equity	2016-01-01	21.99	25.29	21.99	804.0	11800.0	3146.0	1.09	1.24	1.25
DTE Equity	2016-01-01	97.36		97.36	30003.0		3821.0	1.13		1.07
DV Equity	2016-01-01	32.25	34.83	32.25	330.0	8078.0	1424.0	1.47	1.0	0.83
DY Equity	2016-01-01	77.9	93.48	77.9	6000.0	18744.0	28945.0	0.55	1.65	0.54
EAT Equity	2016-01-01	45.84	47.22	45.84	54330.0	834.0	445.0	0.53	1.38	1.29
EBAY Equity	2016-01-01	33.63		33.63	2736.0		13100.0	1.44		1.04
EBIX Equity	2016-01-01	58.1			1200.0			1.97		
EBS Equity	2016-01-01	29.71			5361.0			1.44		
EE Equity	2016-01-01	46.65	46.65	46.65	1368.0	800.0	12.0	0.87	1.02	1.4
EIG Equity	2016-01-01	37.0	38.85	37.0	1203.0	2200.0	819.0	0.66	1.88	0.59
ELNK Equity	2016-01-01		6.1			9500.0			1.45	
EMR Equity	2016-01-01	63.26		63.26	25362.0		1636.0	1.23		0.87
ENH Equity	2016-01-01	92.73		92.73	639.0		157.0	0.92		1.25
ENR Equity	2016-01-01	53.51	62.61	53.51	7200.0	13030.0	13059.0	0.55	1.15	0.51
ENS Equity	2016-01-01	77.53		77.53	465.0		594.0	1.94		0.81
ENTA Equity	2016-01-01		33.52			19241.0			0.85	
ENTG Equity	2016-01-01	20.95		20.95	4665.0		1022.0	0.55		1.19
EPC Equity	2016-01-01	77.75		77.75	222.0		619.0	0.94		0.6
EQC Equity	2016-01-01	30.75	36.59	30.75	768.0	13500.0	321.0	1.19	1.93	1.21
ERIE Equity	2016-01-01	113.3		113.3	582.0		120153.0	1.99		1.41
ETH Equity	2016-01-01	29.2	29.2	29.2	4998.0	942.0	259.0	0.91	1.77	1.11
EV Equity	2016-01-01	42.92		42.92	606.0		2942.0	0.79		0.93
EVR Equity	2016-01-01	78.55	78.55	78.55	930.0	2300.0	1400.0	0.82	0.78	1.16
EXPD Equity	2016-01-01	54.73		54.73	15192.0		1181.0	1.17		0.5
EXPR Equity	2016-01-01	11.45	11.68	11.45	438.0	50790.0	2360.0	1.04	1.02	0.56
EZPW Equity	2016-01-01		9.55			17637.0			1.5	
FAF Equity	2016-01-01	39.1	44.57	39.1	5700.0	17376.0	82.0	0.65	1.9	1.4
FCNCA Equity	2016-01-01	358.94		358.94	1014.0		2714.0	1.9		0.93
FDP Equity	2016-01-01	58.94	58.94	58.94	543.0	835.0	29159.0	1.5	1.41	0.75
FDX Equity	2016-01-01	190.86		190.86	228.0		2410.0	0.97		0.56
FET Equity	2016-01-01	21.95		21.95	165192.0		1268.0	0.63		1.38
FFG Equity	2016-01-01	69.15		69.15	120.0		16712.0	1.63		1.4
FFIV Equity	2016-01-01	139.69		139.69	750.0		10005.0	0.94		0.55
FGL Equity	2016-01-01	26.7			1800.0			1.34		
FI Equity	2016-01-01	12.6		12.6	9615.0		5118.0	1.17		1.06
FIBK Equity	2016-01-01	41.3		41.3	2097.0		3944.0	1.61		0.81
FII Equity	2016-01-01	26.42	28.8	26.42	420.0	60088.0	1427.0	1.93	0.96	0.62
FINL Equity	2016-01-01	17.94	17.94	17.94	2682.0	400.0	4700.0	0.65	1.04	1.14
FIT Equity	2016-01-01	5.86	5.98	5.86	28617.0	26700.0	491.0	0.69	0.71	1.06
FIVN Equity	2016-01-01		16.89			1900.0			1.95	
FIX Equity	2016-01-01	34.05	34.05	34.05	1611.0	4000.0	734.0	1.92	0.6	0.69
FL Equity	2016-01-01	71.22	74.07	71.22	276.0	3800.0	276.0	1.01	0.57	1.27
FLEX Equity	2016-01-01	16.0		16.0	5739.0		7229.0	0.85		1.45
FLIR Equity	2016-01-01	36.15		36.15	21231.0		100.0	1.45		0.9
FLO Equity	2016-01-01	20.71			11463.0			0.89		
FOE Equity	2016-01-01	14.11	15.94		3789.0	1679.0		1.69	0.78	
FOSL Equity	2016-01-01	22.88	27.46	22.88	6744.0	36202.0	6900.0	1.31	1.75	0.51
FPRX Equity	2016-01-01	46.23	50.85	46.23	1062.0	6900.0	1100.0	0.58	0.51	1.24
FRAN Equity	2016-01-01	18.8	18.8	18.8	189.0	99044.0	2700.0	1.05	0.99	0.74
FRGI Equity	2016-01-01	28.7	31.0	28.7	9900.0	3500.0	164.0	1.86	0.62	1.15
FSS Equity	2016-01-01	15.27			618.0			0.64		
FTR Equity	2016-01-01	3.31		3.31	1032.0		3100.0	1.76		0.76
FUL Equity	2016-01-01	49.74			357.0			1.27		
FWRD Equity	2016-01-01	49.66		49.66	3300.0		28355.0	1.79		1.5
G Equity	2016-01-01	24.46		24.46	117.0		1033.0	0.69		1.21
GBL Equity	2016-01-01	30.97			15900.0			1.81		
GBX Equity	2016-01-01	44.65	52.69	44.65	3900.0	300.0	9574.0	0.68	0.79	0.71
GCI Equity	2016-01-01	8.94	10.37	8.94	1800.0	500.0	119.0	1.6	1.53	1.07
GCO Equity	2016-01-01	62.75	62.75	62.75	324.0	8935.0	1431.0	0.93	0.77	0.56
GCP Equity	2016-01-01		27.2			18555.0			1.7	
GDOT Equity	2016-01-01	26.64	30.9	26.64	390.0	200.0	12037.0	1.79	0.72	0.91
GEF Equity	2016-01-01	58.44	58.44	57.34	5400.0	4613.0	4099.0	1.39	1.54	1.19
GES Equity	2016-01-01	13.51	15.81	13.51	39825.0	2818.0	4846.0	0.78	1.3	0.53
GGG Equity	2016-01-01	91.01			1347.0			1.19		
GHC Equity	2016-01-01	528.4	628.8	528.4	10266.0	5225.0	38607.0	2.0	1.43	0.79
GHDX Equity	2016-01-01	28.08			306.0			1.51		
GHL Equity	2016-01-01	29.85	34.33	29.85	300.0	21581.0	321.0	0.7	0.86	0.65
GIII Equity	2016-01-01	26.59	26.59		19305.0	10900.0		0.93	1.14	
GILD Equity	2016-01-01	66.36	72.33	66.36	276.0	238281.0	2428.0	1.43	0.81	1.06
GK Equity	2016-01-01	95.14	95.14	95.14	4677.0	5300.0	5000.0	1.94	1.07	1.22
GLRE Equity	2016-01-01	22.95		22.95	5265.0		32.0	1.2		1.09
GLT Equity	2016-01-01	23.92			50811.0			1.83		
GME Equity	2016-01-01	25.66	27.71	25.66	465.0	25289.0	7800.0	1.15	0.88	1.23
GMED Equity	2016-01-01	26.72	30.19		2259.0	2075.0		1.92	0.74	
GNC Equity	2016-01-01	8.52	8.52	8.52	3600.0	162.0	19977.0	0.84	0.64	0.88
GNTX Equity	2016-01-01		21.72			27100.0			1.11	
GPC Equity	2016-01-01	99.78		99.78	408.0		297.0	1.58		0.87
GPI Equity	2016-01-01	78.44	93.34	78.44	5100.0	1200.0	2633.0	1.14	0.77	0.61
GPRE Equity	2016-01-01	24.9		24.9	17271.0		512.0	1.88		1.33
GPS Equity	2016-01-01	24.36	24.36	24.36	243.0	3482.0	27547.0	1.92	1.52	1.38
GRMN Equity	2016-01-01	49.78		49.78	7830.0		605.0	0.86		1.36
GT Equity	2016-01-01	33.72		33.72	873.0		2950.0	1.82		1.36
GTLS Equity	2016-01-01	40.43	40.43	40.43	26790.0	8000.0	198.0	0.89	1.07	1.22
GWW Equity	2016-01-01	255.06	290.77	255.06	693.0	11461.0	631.0	0.73	1.31	1.18
GXP Equity	2016-01-01	28.01		28.01	2940.0		6917.0	1.56		1.37
HA Equity	2016-01-01	51.35	53.92	51.35	375.0	8065.0	362.0	1.62	1.51	0.96
HAE Equity	2016-01-01	37.63			1005.0			1.68		
HAFC Equity	2016-01-01	33.1	37.07		11118.0	5200.0		1.2	1.15	
HAS Equity	2016-01-01	97.63		97.63	459.0		5169.0	1.49		1.21
HCA Equity	2016-01-01	83.63	83.63	83.63	168.0	900.0	120969.0	0.96	1.21	1.14
HEES Equity	2016-01-01	24.21	25.42	24.21	5394.0	1613.0	495.0	0.67	1.71	0.75
HF Equity	2016-01-01		34.02			6400.0			0.66	
HIBB Equity	2016-01-01	33.45	38.47	33.45	102543.0	7687.0	145.0	0.5	1.79	0.73
HIG Equity	2016-01-01	47.86		47.86	6165.0		1272.0	0.5		0.5
HII Equity	2016-01-01		238.42	200.35		21000.0	3214.0		1.42	1.16
HLF Equity	2016-01-01	59.99	59.99	59.99	273.0	500.0	838.0	0.92	1.47	0.85
HLS Equity	2016-01-01	40.37	42.39	40.37	672.0	2800.0	158.0	0.63	0.65	1.09
HMN Equity	2016-01-01	42.25		42.25	243.0		253.0	1.39		0.83
HNI Equity	2016-01-01	47.67	47.67	47.67	294.0	2573.0	2316.0	1.47	0.77	1.07
HOLI Equity	2016-01-01	17.83			2829.0			1.79		
HPE Equity	2016-01-01	23.99		23.99	288.0		356.0	1.41		1.41
HPQ Equity	2016-01-01		18.86	15.72		11400.0	618.0		0.57	0.86
HRB Equity	2016-01-01	21.05	23.37	21.05	555.0	45239.0	2696.0	0.71	1.57	1.37
HRC Equity	2016-01-01	61.51	63.97	61.51	603.0	12974.0	218.0	1.39	1.52	0.97
HRS Equity	2016-01-01	105.74		105.74	591.0		330.0	1.69		1.32
HSC Equity	2016-01-01	14.2		14.2	1200.0		69725.0	1.03		1.27
HSNI Equity	2016-01-01	36.2	42.72	36.2	2907.0	83500.0	146307.0	0.67	0.75	1.09
HT Equity	2016-01-01		21.03			1000.0			0.81	
HTH Equity	2016-01-01	27.4		27.4	576.0		61653.0	1.3		0.57
HTLD Equity	2016-01-01		21.25			15338.0			1.14	
HUBB Equity	2016-01-01	122.85			80532.0			1.52		
HUBG Equity	2016-01-01	49.8	59.76	49.8	135582.0	2700.0	3688.0	1.69	1.75	1.35
HURN Equity	2016-01-01	46.45	46.45	46.45	1236.0	16908.0	20032.0	1.64	1.65	1.45
HY Equity	2016-01-01	62.04			80568.0			1.07		
HYH Equity	2016-01-01	40.14		40.14	11049.0		638.0	1.19		1.23
IBM Equity	2016-01-01	178.68		178.68	18873.0		2932.0	0.99		1.1
ICFI Equity	2016-01-01	50.4	52.42	50.4	330.0	4900.0	681.0	0.8	1.26	0.98
IDCC Equity	2016-01-01	96.8	111.32	96.8	210.0	5100.0	789.0	1.57	1.28	0.57
IGT Equity	2016-01-01		27.77			10803.0			1.7	
IIIN Equity	2016-01-01	37.82	44.25	37.82	762.0	23564.0	2030.0	1.25	0.67	1.35
INGR Equity	2016-01-01	120.79		120.79	4869.0		65998.0	0.54		0.75
INN Equity	2016-01-01		18.09			5466.0			1.69	
INOV Equity	2016-01-01		12.25			1100.0			1.07	
INSY Equity	2016-01-01	9.65	9.65		564.0	2588.0		1.86	0.82	
INTC Equity	2016-01-01	35.34		35.34	1071.0		401.0	1.34		0.65
IP Equity	2016-01-01	52.89		52.89	2496.0		5825.0	0.5		1.07
IPHI Equity	2016-01-01	47.75			2157.0			1.46		
IPHS Equity	2016-01-01	49.28	50.27	49.28	327.0	4500.0	238.0	1.99	0.82	1.15
IQNT Equity	2016-01-01	22.9	24.5	22.9	44841.0	104.0	491.0	1.51	0.9	1.21
ISLE Equity	2016-01-01	24.22	24.7	24.22	687.0	4532.0	33400.0	1.56	1.64	0.72
ITG Equity	2016-01-01	20.18	21.79	20.18	201.0	120139.0	124.0	1.62	1.6	0.57
ITRI Equity	2016-01-01	64.15	76.34	64.15	6972.0	15400.0	1000.0	1.73	0.52	1.32
ITT Equity	2016-01-01	41.06		41.06	288.0		1772.0	0.62		1.26
JACK Equity	2016-01-01	111.92		111.92	192.0		162.0	1.81		0.6
JBL Equity	2016-01-01	25.44		25.44	330.0		395.0	0.55		1.29
JBSS Equity	2016-01-01	62.15	73.34	62.15	5700.0	800.0	1938.0	1.3	0.65	1.29
JBT Equity	2016-01-01	87.8		87.8	126.0		6259.0	1.93		1.01
JCP Equity	2016-01-01	7.14	7.14	7.14	1800.0	12231.0	4233.0	1.65	0.9	1.06
JEC Equity	2016-01-01	57.4		57.4	1389.0		2141.0	1.2		1.32
JJSF Equity	2016-01-01	130.72		130.72	300.0		1646.0	1.38		0.55
JKHY Equity	2016-01-01	90.6			396.0			0.53		
JNS Equity	2016-01-01	12.12	13.57	12.12	1557.0	2000.0	797.0	1.58	0.98	0.97
JOE Equity	2016-01-01	17.25			14073.0			0.54		
JOY Equity	2016-01-01	28.14		28.14	2424.0		52391.0	1.42		1.42
JW/A Equity	2016-01-01		56.61			3487.0			1.14	
JWN Equity	2016-01-01	45.0	49.05	45.0	3450.0	3577.0	713.0	1.14	1.05	1.42
K Equity	2016-01-01	76.0		76.0	3030.0		668.0	0.99		1.1
KALU Equity	2016-01-01	82.67	89.28	82.67	234.0	700.0	3900.0	0.84	1.56	0.93
KAMN Equity	2016-01-01	51.32	53.37	51.32	939.0	1414.0	10122.0	1.37	0.97	0.9
KATE Equity	2016-01-01		19.09			111144.0			1.35	
KCG Equity	2016-01-01		15.24			165722.0			1.71	
KEYS Equity	2016-01-01	37.63		37.63	35646.0		900.0	1.39		1.09
KFRC Equity	2016-01-01	24.35			10200.0			1.92		
KLIC Equity	2016-01-01	20.09	21.3	20.09	678.0	146100.0	8898.0	1.81	1.47	0.88
KMB Equity	2016-01-01	123.55		123.55	8700.0		248.0	1.75		0.69
KMPR Equity	2016-01-01	44.8			5910.0			1.73		
KMT Equity	2016-01-01	38.09			600.0			0.77		
KND Equity	2016-01-01	6.8	6.8	6.8	7794.0	200.0	1000.0	0.94	1.2	1.49
KNL Equity	2016-01-01	27.06	28.14	27.06	168.0	10274.0	1048.0	1.26	1.38	1.42
KOP Equity	2016-01-01		46.17			20371.0			1.07	
KORS Equity	2016-01-01	38.38	45.29	38.38	105.0	18556.0	460.0	1.09	1.69	0.96
KOS Equity	2016-01-01	6.29			2961.0			1.69		
KR Equity	2016-01-01	33.48	33.48	33.48	5007.0	910.0	10133.0	0.57	0.72	0.69
KSS Equity	2016-01-01	42.04	43.72	42.04	300.0	6100.0	968.0	1.7	1.86	1.29
LCI Equity	2016-01-01	21.3			198.0			1.83		
LCII Equity	2016-01-01	108.35	123.52	108.35	12345.0	1856.0	65749.0	0.59	1.57	0.68
LDL Equity	2016-01-01	59.7			1020.0			0.98		
LDOS Equity	2016-01-01	50.84		50.84	885.0		36093.0	1.37		0.7
LEA Equity	2016-01-01		141.35	141.35		3144.0	8793.0		1.2	0.54
LECO Equity	2016-01-01	83.34		83.34	5775.0		1781.0	1.96		1.18
LGF/A Equity	2016-01-01		33.94			54729.0			0.91	
LHCG Equity	2016-01-01	46.71	52.78	46.71	47994.0	3314.0	453.0	1.01	1.64	1.41
LNN Equity	2016-01-01	76.27		76.27	7698.0		7400.0	0.51		1.32
LOCK Equity	2016-01-01		27.59			15000.0			1.2	
LOPE Equity	2016-01-01		57.67	57.67		51100.0	10619.0		0.97	1.0
LOW Equity	2016-01-01	73.97		73.97	2424.0		1933.0	1.13		0.7
LPLA Equity	2016-01-01	40.75	40.75	40.75	3555.0	3500.0	234.0	0.73	0.74	1.18
LPNT Equity	2016-01-01	61.25		61.25	564.0		15759.0	1.47		1.29
LSTR Equity	2016-01-01	86.95		86.95	4200.0		1030.0	1.37		0.83
LYB Equity	2016-01-01	91.86			9027.0			1.98		
LZB Equity	2016-01-01	29.9	34.39	29.9	408.0	1238.0	459.0	1.68	1.32	1.22
M Equity	2016-01-01	31.99	31.99	31.99	21375.0	18531.0	17893.0	0.94	1.31	0.68
MAN Equity	2016-01-01	96.47	96.47	96.47	1881.0	10498.0	940.0	1.34	0.6	0.59
MANT Equity	2016-01-01	38.87			22449.0			1.1		
MASI Equity	2016-01-01	76.64		76.64	1083.0		13851.0	1.23		0.71
MATX Equity	2016-01-01		36.5			13658.0			1.92	
MDP Equity	2016-01-01	62.1	74.52	62.1	465.0	2493.0	540.0	1.61	0.55	0.59
MEI Equity	2016-01-01		41.8			7200.0			0.98	
MENT Equity	2016-01-01	36.87		36.87	117.0		4212.0	0.55		1.13
MFS Equity	2016-01-01		19.83			17400.0			1.83	
MGEE Equity	2016-01-01	63.5		63.5	21486.0		300.0	1.78		0.64
MGLN Equity	2016-01-01	76.65	78.95	76.65	456.0	300.0	2236.0	1.79	0.85	1.06
MHLD Equity	2016-01-01	18.6		18.6	4953.0		233.0	0.99		0.64
MIK Equity	2016-01-01	20.65	21.27	20.65	1026.0	6200.0	129201.0	1.16	1.88	1.0
MKSI Equity	2016-01-01	66.95		66.95	2184.0		416.0	0.84		0.98
MLHR Equity	2016-01-01	31.35	35.43	31.35	525.0	966.0	2382.0	1.86	0.74	0.65
MLI Equity	2016-01-01	43.17		43.17	104424.0		217.0	1.32		1.45
MO Equity	2016-01-01	72.42		72.42	669.0		37935.0	1.88		1.04
MOH Equity	2016-01-01	59.86	59.86	59.86	1770.0	5500.0	73805.0	0.58	1.01	1.09
MORN Equity	2016-01-01	77.67		77.67	237.0		429.0	1.43		0.88
MOV Equity	2016-01-01	26.45	28.57	26.45	41424.0	2000.0	1094.0	0.5	0.66	0.57
MPC Equity	2016-01-01	50.14		50.14	3480.0		123698.0	0.64		0.89
MSA Equity	2016-01-01	68.94		68.94	91659.0		10600.0	0.74		1.39
MSFT Equity	2016-01-01	64.0		64.0	513.0		687.0	1.76		1.18
MSGN Equity	2016-01-01	22.0	22.0	22.0	471.0	1988.0	31287.0	1.07	1.64	0.58
MSM Equity	2016-01-01	104.45	104.45	104.45	1395.0	8226.0	3005.0	1.21	1.35	1.14
MSTR Equity	2016-01-01	189.35			139482.0			1.89		
MTOR Equity	2016-01-01	15.95	18.02	15.95	1365.0	6769.0	8096.0	1.84	1.99	1.16
MTRN Equity	2016-01-01	38.85	39.63	38.85	6699.0	1200.0	8016.0	1.99	0.91	0.71
MTSC Equity	2016-01-01	55.0		55.0	1443.0		19068.0	0.93		1.0
MTW Equity	2016-01-01		6.89			14524.0			1.18	
MUSA Equity	2016-01-01	66.13	66.13	66.13	792.0	3900.0	10681.0	1.73	1.12	1.12
MWA Equity	2016-01-01	12.85		12.85	288.0		1659.0	1.9		0.77
MYGN Equity	2016-01-01	15.99	16.95	15.99	42021.0	108566.0	78.0	1.23	1.18	0.56
MYRG Equity	2016-01-01	39.2	42.73	39.2	3999.0	137316.0	6871.0	1.72	0.56	0.98
NAT Equity	2016-01-01		8.45			2104.0			1.48	
NAVG Equity	2016-01-01	56.3		56.3	13968.0		5904.0	1.07		0.62
NBTB Equity	2016-01-01	40.08			13890.0			0.86		
NCI Equity	2016-01-01	24.47	29.12	24.47	29556.0	6300.0	23182.0	1.86	0.54	0.74
NCR Equity	2016-01-01	45.54	47.82	45.54	14100.0	9300.0	8000.0	0.6	1.88	0.76
NCS Equity	2016-01-01	15.95	15.95	15.95	426.0	4521.0	12450.0	1.13	1.18	1.21
NEU Equity	2016-01-01	436.45		436.45	1644.0		303.0	0.98		1.18
NEWM Equity	2016-01-01	15.79	18.0	15.79	867.0	31901.0	4801.0	1.72	0.63	0.83
NFG Equity	2016-01-01	59.41		59.41	1500.0		49728.0	0.97		0.86
NI Equity	2016-01-01	22.41		22.41	7044.0		1181.0	1.89		0.7
NJR Equity	2016-01-01	37.65		37.65	3639.0		59200.0	0.94		1.11
NLS Equity	2016-01-01	17.1	18.47	17.1	2700.0	700.0	35623.0	1.49	1.09	1.36
NOC Equity	2016-01-01	236.25			33141.0			1.0		
NP Equity	2016-01-01	82.0	82.0	82.0	9000.0	8448.0	11744.0	2.0	0.98	0.51
NPO Equity	2016-01-01		69.95			7100.0			1.15	
NSIT Equity	2016-01-01	45.18	45.18	45.18	8070.0	2267.0	296.0	0.53	0.76	0.89
NSP Equity	2016-01-01	73.4	73.4	73.4	3438.0	41792.0	466.0	1.39	1.21	1.42
NSR Equity	2016-01-01	33.5	35.85	34.5	23112.0	3400.0	196.0	1.32	1.69	1.45
NTAP Equity	2016-01-01	39.45	39.45	39.45	624.0	3400.0	170.0	0.87	1.92	0.88
NTGR Equity	2016-01-01	54.35	63.59	54.35	5166.0	194920.0	595.0	0.78	1.23	1.38
NTRI Equity	2016-01-01	34.85	40.08		31407.0	3200.0		0.54	1.57	
NTRS Equity	2016-01-01	85.37		85.37	2358.0		1690.0	1.09		0.86
NUS Equity	2016-01-01	53.33	53.33	53.33	33300.0	3779.0	3230.0	1.3	0.64	0.76
NVDA Equity	2016-01-01	113.62		113.62	68301.0		105.0	1.72		0.95
NVR Equity	2016-01-01	1903.41	2226.99	1903.41	22938.0	61532.0	1155.0	1.16	0.84	0.67
NWN Equity	2016-01-01	58.6	58.6	58.6	153.0	2928.0	67339.0	1.78	1.82	0.55
NYT Equity	2016-01-01	15.45	16.07		1191.0	134174.0		1.7	1.1	
OC Equity	2016-01-01	57.19	60.05	57.19	489.0	300.0	4413.0	0.57	0.53	0.69
OCIP Equity	2016-01-01	9.45		9.45	498.0		418.0	1.79		1.01
ODFL Equity	2016-01-01	92.3		92.3	129.0		4914.0	0.67		1.18
ODP Equity	2016-01-01	4.45	4.81	4.45	774.0	154932.0	328.0	0.88	0.93	1.24
OGS Equity	2016-01-01	64.25		64.25	1656.0		8600.0	1.51		1.18
OIS Equity	2016-01-01	39.75		39.75	3075.0		365.0	1.35		1.31
OLN Equity	2016-01-01	29.81		29.81	468.0		445.0	1.64		0.65
OME Equity	2016-01-01	25.65	30.01	25.65	7104.0	2100.0	361.0	0.82	1.37	1.27
OMF Equity	2016-01-01	24.16		24.16	103788.0		313.0	1.14		1.31
OMI Equity	2016-01-01	35.95	37.75	35.95	633.0	9804.0	6220.0	1.14	1.58	1.3
ON Equity	2016-01-01	14.14			3579.0			1.97		
ORA Equity	2016-01-01	54.98		54.98	1191.0		433.0	1.62		1.37
ORBK Equity	2016-01-01	31.46	35.24	31.46	9090.0	577.0	4310.0	1.94	0.52	1.15
ORCL Equity	2016-01-01	40.79		40.79	474.0		1729.0	1.69		1.19
ORI Equity	2016-01-01		20.77			63942.0			0.78	
OSK Equity	2016-01-01	67.69		67.69	4800.0		865.0	1.06		1.44
OTTR Equity	2016-01-01	38.65			216.0			0.85		
OXM Equity	2016-01-01	56.29	61.92	56.29	690.0	200.0	421.0	1.33	0.57	0.91
OXY Equity	2016-01-01	68.47		68.47	348.0		6534.0	0.77		0.93
PATK Equity	2016-01-01		83.75			20790.0			1.58	
PAY Equity	2016-01-01	19.44		19.44	4713.0		4058.0	1.16		0.9
PB Equity	2016-01-01	73.15		73.15	546.0		42930.0	0.91		0.87
PBI Equity	2016-01-01	13.19	15.7	13.19	13842.0	2200.0	1489.0	1.12	1.25	1.31
PCAR Equity	2016-01-01	68.73		68.73	3291.0		3017.0	1.37		0.86
PDLI Equity	2016-01-01		2.4			15500.0			1.26	
PEG Equity	2016-01-01	43.39		43.39	4314.0		11783.0	0.77		0.64
PENN Equity	2016-01-01	13.97	13.97	13.97	1200.0	63094.0	161.0	1.46	1.73	0.88
PFGC Equity	2016-01-01	23.4	25.27		1104.0	20270.0		0.54	1.11	
PGR Equity	2016-01-01	37.66		37.66	4038.0		55283.0	1.49		1.27
PII Equity	2016-01-01		105.65			9794.0			1.25	
PIR Equity	2016-01-01	7.32	7.91	7.32	37368.0	58004.0	45.0	0.68	1.36	0.52
PLAB Equity	2016-01-01	11.65	11.65	11.65	3252.0	14700.0	2700.0	1.67	0.56	0.73
PLAY Equity	2016-01-01	57.24		57.24	16314.0		191.0	1.08		0.53
PLCE Equity	2016-01-01	103.3	114.66	103.3	288.0	22906.0	1900.0	1.39	1.71	1.43
PLKI Equity	2016-01-01	66.04	69.34	66.04	77439.0	5100.0	1409.0	1.91	0.6	1.28
PLNT Equity	2016-01-01	21.49	23.21	21.49	240.0	57258.0	927.0	0.62	0.8	1.38
PLUS Equity	2016-01-01	122.4	135.86	122.4	300.0	9281.0	5267.0	1.93	0.58	0.98
PM Equity	2016-01-01	102.63		102.63	267.0		36293.0	0.6		1.46
PMC Equity	2016-01-01	25.25	29.54	25.25	1743.0	1900.0	2304.0	0.74	1.39	1.17
PNK Equity	2016-01-01	16.17	17.95	16.17	699.0	65700.0	483.0	1.36	0.74	0.52
PNM Equity	2016-01-01	35.0		35.0	150.0		1551.0	1.97		0.9
PNRA Equity	2016-01-01	233.21		233.21	8013.0		28700.0	0.86		1.19
PNW Equity	2016-01-01	78.67		78.67	387.0		5216.0	0.54		0.74
POL Equity	2016-01-01	34.59			1185.0			1.72		
POOL Equity	2016-01-01	109.86		109.86	36555.0		30300.0	0.92		0.52
POR Equity	2016-01-01	43.95	52.3	43.95	2619.0	83489.0	140.0	0.7	1.55	0.59
PPC Equity	2016-01-01	20.43	23.7	20.43	297.0	17691.0	55396.0	1.52	1.88	0.93
PRA Equity	2016-01-01	55.6		55.6	1062.0		3552.0	1.36		0.97
PRGS Equity	2016-01-01	28.81			36600.0			1.3		
PRIM Equity	2016-01-01		28.4			900.0			0.89	
PSB Equity	2016-01-01	113.2		113.2	8658.0		5536.0	1.61		0.67
PSTG Equity	2016-01-01	11.76			15600.0			1.9		
PWR Equity	2016-01-01	36.96		36.96	222.0		13660.0	0.77		0.5
PZZA Equity	2016-01-01	85.58		85.58	91200.0		644.0	0.77		1.19
Q Equity	2016-01-01	79.56		79.56	438.0		485.0	1.58		0.58
QSII Equity	2016-01-01	15.64	18.61	15.64	1707.0	2900.0	2088.0	1.31	1.97	0.72
QUAD Equity	2016-01-01	25.87	25.87	25.87	11196.0	7600.0	4100.0	1.0	1.62	0.52
RAI Equity	2016-01-01	60.57		60.57	19530.0		3703.0	1.05		0.91
RBC Equity	2016-01-01	75.1		75.1	852.0		433.0	1.88		0.55
RCII Equity	2016-01-01	8.47	9.57	8.47	543.0	153672.0	157.0	1.47	0.95	0.79
RDN Equity	2016-01-01	19.62			9264.0			0.99		
RE Equity	2016-01-01	230.71	269.93	230.71	2400.0	3300.0	306.0	0.58	1.43	0.74
RES Equity	2016-01-01	21.72		21.72	5118.0		784.0	1.95		1.06
REV Equity	2016-01-01	33.65		33.65	498.0		19055.0	1.98		0.62
REX Equity	2016-01-01	84.96	88.36	84.96	522.0	11143.0	288.0	1.79	1.51	0.62
RGA Equity	2016-01-01	127.59		127.59	468.0		3799.0	1.74		1.45
RGC Equity	2016-01-01	22.15	25.25	22.15	891.0	6200.0	14622.0	1.08	0.54	1.16
RGR Equity	2016-01-01	50.15	60.18	50.15	20640.0	298.0	433.0	1.75	1.87	0.72
RHI Equity	2016-01-01		49.1			1600.0			0.54	
RL Equity	2016-01-01	79.61	79.61	79.61	369.0	10077.0	412.0	1.89	0.81	1.48
RLI Equity	2016-01-01	59.56		59.56	3414.0		310.0	1.98		0.57
RMAX Equity	2016-01-01	57.65	58.8	57.65	14394.0	5600.0	4035.0	1.21	1.91	1.0
RMBS Equity	2016-01-01	12.79		12.79	468.0		40449.0	0.58		1.04
RNG Equity	2016-01-01	23.5			1227.0			0.83		
RNR Equity	2016-01-01	143.21	157.53	143.21	2700.0	1900.0	1129.0	0.81	1.65	0.53
ROG Equity	2016-01-01		81.65			48678.0			1.29	
ROST Equity	2016-01-01	68.79		68.79	612.0		642.0	0.77		0.54
RRD Equity	2016-01-01	17.81	20.66	17.81	423.0	1900.0	107.0	1.43	1.25	0.72
RRGB Equity	2016-01-01	49.4	53.85	49.4	7935.0	24663.0	7915.0	0.9	1.18	1.09
RRR Equity	2016-01-01	23.66	24.84	23.66	40299.0	92233.0	3321.0	0.96	0.53	0.75
RSG Equity	2016-01-01	57.96		57.96	1449.0		2426.0	0.81		1.06
RTEC Equity	2016-01-01	22.05	22.05	22.05	1014.0	10700.0	212.0	0.57	1.97	1.1
RUTH Equity	2016-01-01	17.5	17.5	17.5	456.0	3400.0	452.0	0.5	1.77	1.38
RYAM Equity	2016-01-01	13.31	14.77		5769.0	6791.0		1.05	1.89	
SAFM Equity	2016-01-01	91.7	104.54	91.7	4806.0	39330.0	410.0	1.95	1.51	1.29
SAFT Equity	2016-01-01	73.1	85.53	73.1	264.0	1800.0	797.0	0.73	0.76	0.87
SAH Equity	2016-01-01	23.8	23.8	23.8	5118.0	60000.0	215.0	1.9	1.62	1.07
SAIA Equity	2016-01-01	48.55	56.32	48.55	294.0	10300.0	482.0	1.21	1.05	0.76
SAIC Equity	2016-01-01	83.42		83.42	777.0		538.0	1.69		1.39
SAM Equity	2016-01-01	162.5	165.75	162.5	675.0	35300.0	1082.0	0.76	1.34	0.96
SANM Equity	2016-01-01	40.25	45.08	40.25	423.0	114900.0	288.0	1.6	1.14	1.01
SATS Equity	2016-01-01	53.81		53.81	552.0		20129.0	1.39		0.98
SAVE Equity	2016-01-01	53.88	62.5	53.88	285.0	13438.0	2253.0	0.6	0.54	1.0
SBH Equity	2016-01-01	23.26	23.26	23.26	540.0	32828.0	741.0	1.0	1.99	1.05
SCAI Equity	2016-01-01	56.55			144.0			1.87		
SCG Equity	2016-01-01	69.27		69.27	20925.0		292.0	1.6		0.91
SCHL Equity	2016-01-01	46.27	53.21	46.27	405.0	6838.0	1225.0	1.05	1.31	0.8
SCHN Equity	2016-01-01		25.05	25.05		3100.0	9316.0		1.27	0.87
SCL Equity	2016-01-01		77.35			8720.0			1.59	
SCMP Equity	2016-01-01	11.55	13.51	11.55	423.0	6100.0	246.0	2.0	0.91	1.23
SCS Equity	2016-01-01	16.6	17.93	16.6	1104.0	22806.0	19350.0	1.42	1.5	1.37
SCSC Equity	2016-01-01	43.6	43.6	43.6	264.0	22550.0	2949.0	1.1	1.73	1.25
SCSS Equity	2016-01-01	21.74	21.74	21.74	3444.0	4600.0	2063.0	0.76	1.08	1.33
SEDG Equity	2016-01-01	13.5	16.07	13.5	363.0	8544.0	4100.0	1.06	1.94	1.17
SEIC Equity	2016-01-01	49.62		49.62	1200.0		175.0	0.99		1.17
SEM Equity	2016-01-01	12.8		12.8	288.0		99.0	2.0		0.94
SFLY Equity	2016-01-01	43.82	48.2	43.82	237.0	6800.0	174.0	1.11	0.72	1.29
SFM Equity	2016-01-01	19.52	23.42	19.52	393.0	200.0	325.0	1.02	1.53	1.22
SHLM Equity	2016-01-01	33.6	35.95	33.6	315.0	6895.0	63125.0	0.81	0.55	0.9
SHOO Equity	2016-01-01	36.75	39.32	36.75	81288.0	7697.0	10135.0	1.69	0.68	1.03
SHPG Equity	2016-01-01	171.63			3243.0			1.7		
SIGI Equity	2016-01-01	43.25	43.25	43.25	717.0	1038.0	1131.0	1.55	1.87	1.27
SKX Equity	2016-01-01	27.78	27.78	27.78	1800.0	21100.0	3600.0	1.35	0.86	0.89
SKYW Equity	2016-01-01		38.43			2419.0			0.5	
SLGN Equity	2016-01-01	60.4		60.4	2193.0		387.0	0.63		0.99
SMG Equity	2016-01-01	92.49		92.49	372.0		659.0	1.3		1.39
SMP Equity	2016-01-01	49.77	49.77	49.77	894.0	400.0	786.0	1.79	1.49	0.74
SNI Equity	2016-01-01	77.83	80.94	77.83	1257.0	3957.0	2233.0	1.24	1.14	0.57
SNX Equity	2016-01-01	118.25		118.25	2631.0		5187.0	0.57		0.7
SO Equity	2016-01-01	49.05		49.05	4938.0		4823.0	0.99		0.53
SOHU Equity	2016-01-01	39.97	45.17		237.0	4000.0		1.01	0.5	
SON Equity	2016-01-01	52.7		52.7	318.0		455.0	0.82		1.31
SONC Equity	2016-01-01	26.41	28.52	26.41	4113.0	126771.0	152.0	0.66	1.59	1.09
SPLS Equity	2016-01-01	9.15	9.52	9.15	6117.0	2700.0	5229.0	1.2	1.91	0.79
SPR Equity	2016-01-01	56.84	64.8	56.84	7518.0	653.0	4069.0	1.91	1.86	0.57
SPTN Equity	2016-01-01	38.93	45.16	38.93	10890.0	2800.0	9850.0	1.54	1.52	1.06
SR Equity	2016-01-01	63.7		63.7	4173.0		6405.0	0.87		0.73
SRG Equity	2016-01-01	44.49			429.0			0.71		
SSB Equity	2016-01-01	87.2		87.2	42.0		10384.0	1.93		1.41
SSD Equity	2016-01-01	43.9	43.9	43.9	27795.0	1200.0	143.0	0.86	1.98	1.47
STC Equity	2016-01-01		48.37			300.0			1.19	
STRA Equity	2016-01-01	82.59	99.11		300.0	2200.0		0.93	1.45	
STX Equity	2016-01-01	46.46		46.46	885.0		208.0	1.15		1.16
SVU Equity	2016-01-01	3.96	4.59	3.96	771.0	10000.0	274.0	0.58	0.58	1.38
SWFT Equity	2016-01-01	23.64	28.37	23.64	450.0	5750.0	28563.0	1.09	1.2	0.73
SWM Equity	2016-01-01	44.7	50.96	44.7	1632.0	2382.0	400.0	1.34	0.54	1.35
SXC Equity	2016-01-01		10.24	9.85		32873.0	833.0		0.56	1.21
SXI Equity	2016-01-01		103.84			15378.0			0.79	
SYKE Equity	2016-01-01	28.37	33.19	28.37	1128.0	6500.0	420.0	0.97	1.84	0.91
SYMC Equity	2016-01-01	29.02		29.02	34356.0		960.0	1.1		1.06
SYNT Equity	2016-01-01	22.235			29880.0			1.11		
SYY Equity	2016-01-01	52.62			216.0			1.45		
TARO Equity	2016-01-01	106.29	126.49	106.29	23022.0	24400.0	109.0	0.9	1.43	0.71
TBI Equity	2016-01-01	25.2	25.2	25.2	8973.0	3800.0	30379.0	1.46	1.76	1.4
TCB Equity	2016-01-01	17.38		17.38	6555.0		16002.0	0.66		0.59
TDC Equity	2016-01-01	31.68	37.7	31.68	43473.0	3190.0	247.0	0.82	1.29	0.63
TDY Equity	2016-01-01	130.66		130.66	5586.0		13389.0	1.28		1.28
TEN Equity	2016-01-01	66.14	70.11	66.14	3978.0	4359.0	5766.0	1.33	1.82	0.6
TGNA Equity	2016-01-01	23.66		23.66	37866.0		33561.0	0.52		1.18
TGT Equity	2016-01-01	65.73	72.3	65.73	840.0	38523.0	5437.0	0.84	1.26	0.52
TILE Equity	2016-01-01	18.0	18.0	18.0	540.0	50226.0	458.0	0.9	1.37	1.01
TIME Equity	2016-01-01	19.0	19.0	19.0	4107.0	33358.0	498.0	0.59	0.5	1.25
TJX Equity	2016-01-01	77.05		77.05	1500.0		1838.0	1.3		1.32
TKR Equity	2016-01-01	45.15		45.15	7383.0		2700.0	1.59		1.11
TLRD Equity	2016-01-01	22.73	26.14	22.73	1746.0	8575.0	6174.0	1.19	1.52	0.82
TMK Equity	2016-01-01	74.92		74.92	171048.0		1923.0	0.65		1.36
TMUS Equity	2016-01-01	62.39		62.39	300.0		158232.0	0.54		1.47
TNC Equity	2016-01-01		81.77			58700.0			1.61	
TNK Equity	2016-01-01	2.4	2.74	2.4	63081.0	7487.0	500.0	0.64	0.9	0.87
TOWR Equity	2016-01-01	25.75	30.9	25.75	2268.0	10929.0	46682.0	0.94	1.44	0.67
TPC Equity	2016-01-01	30.1		30.1	1272.0		2423.0	1.8		0.94
TRMK Equity	2016-01-01	33.53		33.53	1014.0		1233.0	0.7		1.05
TROW Equity	2016-01-01	69.4		69.4	1302.0		389.0	1.35		1.17
TRTN Equity	2016-01-01		27.6			74857.0			1.02	
TSE Equity	2016-01-01	69.95	80.44	69.95	456.0	1500.0	1571.0	0.61	1.26	0.53
TSN Equity	2016-01-01	65.06	65.06	65.06	3087.0	5239.0	2214.0	1.98	1.54	0.93
TSRA Equity	2016-01-01	43.85	44.73	43.85	438.0	400.0	2567.0	1.71	0.84	1.14
TTC Equity	2016-01-01	59.75		59.75	621.0		330.0	1.74		0.74
TTEK Equity	2016-01-01		41.45			234916.0			0.82	
TTMI Equity	2016-01-01	16.75	19.6	16.75	7113.0	200.0	887.0	0.53	1.88	1.24
TUP Equity	2016-01-01	61.41	61.41	61.41	540.0	77614.0	689.0	0.75	1.81	1.06
TVPT Equity	2016-01-01	14.1	14.1	14.1	62154.0	1000.0	10865.0	1.79	1.14	1.01
TXN Equity	2016-01-01	75.16		75.16	630.0		675.0	1.93		0.92
TXRH Equity	2016-01-01	48.08		48.08	507.0		64397.0	1.24		1.23
UFS Equity	2016-01-01		41.14			2600.0			1.51	
UGI Equity	2016-01-01	47.86	54.08	47.86	5700.0	2700.0	576.0	1.2	1.49	1.43
UHAL Equity	2016-01-01	373.69		373.69	1254.0		646.0	1.92		1.41
UIS Equity	2016-01-01	14.15	15.0	14.15	684.0	41100.0	490.0	1.78	1.72	0.53
UNF Equity	2016-01-01	129.3	133.18	129.3	330.0	6968.0	27.0	1.0	1.14	1.39
UNFI Equity	2016-01-01	45.65	49.76	45.65	489.0	1772.0	6964.0	0.76	1.24	1.24
URBN Equity	2016-01-01	27.44	27.99	27.44	15180.0	16075.0	76418.0	1.48	0.69	0.95
USM Equity	2016-01-01	43.41			120063.0			1.94		
USNA Equity	2016-01-01	57.15	60.01	57.15	408.0	67400.0	46.0	1.64	0.83	1.44
UTHR Equity	2016-01-01	164.08	185.41	164.08	6567.0	6330.0	2139.0	0.53	0.62	1.31
UVE Equity	2016-01-01	26.4	26.93	26.4	837.0	4678.0	4900.0	0.95	1.93	1.07
UVV Equity	2016-01-01	75.1	84.86	75.1	22809.0	44022.0	24129.0	0.8	1.1	1.33
VAL Equity	2016-01-01	110.49		110.49	4500.0		1000.0	1.16		0.75
VG Equity	2016-01-01	6.96		6.96	5262.0		3551.0	0.9		0.97
VIAV Equity	2016-01-01	10.22			77181.0			1.81		
VLO Equity	2016-01-01	67.47		67.47	1164.0		62181.0	0.78		0.65
VMI Equity	2016-01-01	144.7		144.7	4560.0		942.0	1.51		0.9
VR Equity	2016-01-01	57.15		57.15	61098.0		1977.0	0.57		0.67
VRA Equity	2016-01-01		10.81			2800.0			1.07	
VRSN Equity	2016-01-01	83.14			318.0			1.89		
VRTS Equity	2016-01-01	109.8	117.49	109.8	4149.0	11872.0	39749.0	1.19	0.89	0.97
VRTU Equity	2016-01-01	28.23	28.23	28.23	1539.0	103023.0	134.0	0.54	0.63	0.88
VSH Equity	2016-01-01	16.1	16.91	16.1	6186.0	5704.0	1452.0	0.99	1.19	0.54
VSI Equity	2016-01-01	22.25	22.25	22.25	13083.0	134588.0	653.0	1.88	0.52	1.01
VSTO Equity	2016-01-01	21.58	23.31	21.58	300.0	2680.0	3204.0	1.64	1.63	1.48
VVC Equity	2016-01-01	55.5		55.5	237.0		15292.0	0.84		1.4
WAFD Equity	2016-01-01	33.15		33.15	3369.0		249.0	0.66		1.4
WCC Equity	2016-01-01	71.2		71.2	3063.0		1324.0	1.55		0.5
WD Equity	2016-01-01		40.83	37.46		4200.0	10300.0		1.57	1.37
WDC Equity	2016-01-01	77.36		77.36	1815.0		8428.0	1.66		1.13
WDFC Equity	2016-01-01	108.5		108.5	7200.0		11674.0	1.98		0.91
WDR Equity	2016-01-01	18.51	19.62	18.51	342.0	4586.0	1771.0	0.53	1.74	1.34
WERN Equity	2016-01-01		28.25	28.25		12200.0	2100.0		1.05	0.96
WFM Equity	2016-01-01	30.34	32.16	30.34	6696.0	4596.0	305.0	1.29	0.92	0.86
WGL Equity	2016-01-01	83.27		83.27	10071.0		20003.0	1.46		1.25
WGO Equity	2016-01-01		33.55			800.0			1.31	
WIN Equity	2016-01-01	7.23	8.39	7.23	3600.0	5600.0	2520.0	0.86	1.63	1.13
WIX Equity	2016-01-01		57.62			2437.0			1.21	
WM Equity	2016-01-01	70.54		70.54	216.0		858.0	0.68		1.04
WMK Equity	2016-01-01	60.73			21339.0			0.73		
WMT Equity	2016-01-01	68.02	68.02	68.02	2439.0	199.0	9446.0	0.53	1.25	1.3
WNC Equity	2016-01-01	21.36	24.35	21.36	954.0	7400.0	585.0	1.32	0.8	1.24
WNR Equity	2016-01-01	37.47		37.47	423.0		140331.0	1.26		1.5
WOR Equity	2016-01-01	49.12			648.0			0.67		
WRB Equity	2016-01-01	68.28		68.28	199062.0		520.0	1.23		1.12
WRLD Equity	2016-01-01	50.93	50.93	50.93	438.0	24673.0	3389.0	0.84	0.58	1.07
WSM Equity	2016-01-01	48.0	48.0	48.0	384.0	282961.0	4202.0	1.24	0.53	0.7
WSTC Equity	2016-01-01	24.92	28.91	24.92	3069.0	7993.0	5459.0	1.49	1.34	1.16
WU Equity	2016-01-01	19.74		19.74	3720.0		663.0	0.68		1.18
WWW Equity	2016-01-01	23.8	23.8		1959.0	5151.0		1.83	0.82	
XOM Equity	2016-01-01	82.52		82.52	474.0		522.0	1.5		1.23
XRX Equity	2016-01-01	7.3		7.3	3366.0		5053.0	1.05		0.6
Y Equity	2016-01-01	619.12		619.12	105.0		84.0	1.31		0.63
ZUMZ Equity	2016-01-01	20.95	23.67	20.95	17631.0	23540.0	18445.0	1.14	0.88	1.32
